{
  "chart": {
    "title": "Consumer price index",
    "subtitle": "The CPI shows the average price level of goods and services purchased by consumers. This is expressed relative to a base year – in this case 2010. For example, a CPI of 120 means that prices were 20% higher than in 2010.",
    "citation": "International Monetary Fund (via World Bank) (2025)",
    "originalChartUrl": "https://ourworldindata.org/grapher/consumer-price-index?v=1&csvType=full&useColumnShortNames=false",
    "selection": [
      "India",
      "United States",
      "Japan",
      "South Africa",
      "China",
      "Mexico"
    ]
  },
  "columns": {
    "Consumer price index (2010 = 100)": {
      "titleShort": "Consumer price index (2010 = 100)",
      "titleLong": "Consumer price index (2010 = 100)",
      "unit": "2010 = 100",
      "timespan": "1960-2023",
      "type": "Numeric",
      "owidVariableId": 1007992,
      "shortName": "fp_cpi_totl",
      "lastUpdated": "2025-01-24",
      "nextUpdate": "2026-01-24",
      "citationShort": "International Monetary Fund (via World Bank) (2025) – processed by Our World in Data",
      "citationLong": "International Monetary Fund (via World Bank) (2025) – processed by Our World in Data. “Consumer price index (2010 = 100)” [dataset]. International Monetary Fund (via World Bank), “World Development Indicators” [original data].",
      "fullMetadata": "https://api.ourworldindata.org/v1/indicators/1007992.metadata.json"
    }
  },
  "dateDownloaded": "2025-02-16",
  "activeFilters": {}
}